Cartella,File,Link,Data creazione
Smettila_di_guardarla,Smettila_di_guardarla-01.jpg,https://drive.google.com/file/d/18DCa2b2JjVy9hZ2s0O2Mi8NeXQaySslE/view?usp=drivesdk,24/03/2026 9.21.27
Smettila_di_guardarla,Smettila_di_guardarla-03.jpg,https://drive.google.com/file/d/1icYDYjbCVcoRevb_cdofe_P_HH0BNDDf/view?usp=drivesdk,24/03/2026 9.21.27
Smettila_di_guardarla,Smettila_di_guardarla-02.jpg,https://drive.google.com/file/d/1m886RtBTrLmYgPuq64Tkm1TIrFmyWRj8/view?usp=drivesdk,24/03/2026 9.21.27
Smettila_di_guardarla,Smettila_di_guardarla.ai,https://drive.google.com/file/d/1jY_0H_2LzhubyYPJGfOI36bdVqo9VUuX/view?usp=drivesdk,24/03/2026 9.27.38
Con_l'autoscuola_sbagliata,Con_l'autoscuola_sbagliata-02.jpg,https://drive.google.com/file/d/1VX2qIC3CDK8h_N18ScmA3mZJnwbt7dE4/view?usp=drivesdk,23/03/2026 17.35.31
Con_l'autoscuola_sbagliata,Con_l'autoscuola_sbagliata-01.jpg,https://drive.google.com/file/d/1a0Rvw7nLGSgOPlbb9MahxmXrpSNtf4-P/view?usp=drivesdk,23/03/2026 17.35.44
Con_l'autoscuola_sbagliata,Con_l'autoscuola_sbagliata-03.jpg,https://drive.google.com/file/d/1yoml-M6nXamtPdhhlap6iPSbWmP7ioqq/view?usp=drivesdk,23/03/2026 17.35.37
Con_l'autoscuola_sbagliata,Con_l'autoscuola_sbagliata.ai,https://drive.google.com/file/d/1nDM9Rox2AbMcW4YQtaxsNGXGFllYLyCb/view?usp=drivesdk,23/03/2026 17.36.36
L'unica_protezione_che_ti_serve,L'unica_protezione_che_ti_serve_davvero-02.jpg,https://drive.google.com/file/d/14IUhF0Mu_iOzNVG4QBvpSA2G6sMNhq89/view?usp=drivesdk,23/03/2026 15.15.45
L'unica_protezione_che_ti_serve,L'unica_protezione_che_ti_serve_davvero-03.jpg,https://drive.google.com/file/d/1OXi5BRoABlEZScfmWhRvVOe3cYeOPp59/view?usp=drivesdk,23/03/2026 15.15.46
L'unica_protezione_che_ti_serve,L'unica_protezione_che_ti_serve_davvero-01.jpg,https://drive.google.com/file/d/1zAAptWY5D7nwM2Jxx9--VChgZVVAfMbH/view?usp=drivesdk,23/03/2026 15.15.49
L'unica_protezione_che_ti_serve,L'unica_protezione_che_ti_serve_davvero.ai,https://drive.google.com/file/d/1ULOpYnnz2lkeIQgN21QAVYoSj3ozWFas/view?usp=drivesdk,23/03/2026 15.17.14
La_patente_parte_da_qui,La_patente_parte_da_qui_1-1.jpg,https://drive.google.com/file/d/1Guxrrni8NypZI6qkhSCQ3wEhxZov-jcv/view?usp=drivesdk,16/03/2026 9.59.11
La_patente_parte_da_qui,La_patente_parte_da_qui_16-9.jpg,https://drive.google.com/file/d/1RP8zWSItMzcmqXoBX19EyaW4C-kT2JoQ/view?usp=drivesdk,16/03/2026 9.59.11
La_patente_parte_da_qui,La_patente_parte_da_qui_9-16.jpg,https://drive.google.com/file/d/1XJUGmlZfCHIg5wNmdgGoWF5-oqF1XHzO/view?usp=drivesdk,16/03/2026 10.01.16
La_patente_parte_da_qui,La_patente_parte_da_qui.ai,https://drive.google.com/file/d/1oJErkbR9nfRdD7TwaUIy-zPZwUA4r1rO/view?usp=drivesdk,16/03/2026 10.01.12
Passa_l’esame_di_teoria_della_Patente,Passa_l’esame_di_teoria_della_Patente._16-9.jpg,https://drive.google.com/file/d/16ou0rh1Q7-jkwp_EGvVWgwuQ9nR-HhtE/view?usp=drivesdk,16/03/2026 9.24.30
Passa_l’esame_di_teoria_della_Patente,Passa_l’esame_di_teoria_della_Patente._9-16.jpg,https://drive.google.com/file/d/1HJpDdVqtJ-o4mmeqs-CUJNhJUPo4wfO-/view?usp=drivesdk,16/03/2026 9.25.16
Passa_l’esame_di_teoria_della_Patente,Passa_l’esame_di_teoria_della_Patente._1-1.jpg,https://drive.google.com/file/d/1_OSprNFGAd4aGzudmWuLPkemw-DjeUUz/view?usp=drivesdk,16/03/2026 9.24.30
Passa_l’esame_di_teoria_della_Patente,Passa_l’esame_di_teoria_della_Patente..ai,https://drive.google.com/file/d/1zCQDKqBopRpsAGDbPllDmFgq926vmJKr/view?usp=drivesdk,16/03/2026 9.25.12
Basta_bocciature,Basta_bocciature_9-16.jpg,https://drive.google.com/file/d/1D_z4Ux24i9MRD09I7yWInbV5EzAPl4k9/view?usp=drivesdk,12/03/2026 18.13.32
Basta_bocciature,Basta_bocciature_16-9.jpg,https://drive.google.com/file/d/1ADfP_zktoLiHxUuX03M67OYcPUZ_PfQS/view?usp=drivesdk,12/03/2026 18.10.11
Basta_bocciature,Basta_bocciature_1-1.jpg,https://drive.google.com/file/d/1cu6Yv65RINuNU-ul2wsVdjqigj1IYgjB/view?usp=drivesdk,12/03/2026 18.10.10
Basta_bocciature,Basta_bocciature.ai,https://drive.google.com/file/d/1Pp-xBAg9mpTLvAM-FHbv9kRe6pROPuRr/view?usp=drivesdk,12/03/2026 18.13.28
Basta_bocciature,Basta_bocciature.jpg,https://drive.google.com/file/d/1mxeiD_cMUGQx2sEJWaeaapjpfm_Yy6Xr/view?usp=drivesdk,12/03/2026 18.13.35
Basta_bocciature,Basta_bocciature,https://drive.google.com/file/d/1-pbefAxsfviqFeHuKWSD7YRaRMnYZuTT/view?usp=drivesdk,12/03/2026 18.11.39
La_patente_non_si_sogna_si_conquista,La_patente_non_si_sogna_si_conquista_16-9.jpg,https://drive.google.com/file/d/1F2SmlQWJBTXzWdx1_-WV9mq0AY7f-WnB/view?usp=drivesdk,12/03/2026 17.41.09
La_patente_non_si_sogna_si_conquista,La_patente_non_si_sogna_si_conquista_1-1.jpg,https://drive.google.com/file/d/1dhxXNfouDtsqDAFAMRa5_P8le7HZ3OeE/view?usp=drivesdk,12/03/2026 17.41.09
La_patente_non_si_sogna_si_conquista,La_patente_non_si_sogna_si_conquista_9-16.jpg,https://drive.google.com/file/d/1xYDA9WZWijJYzCodd7yHQpeLPqiwP0Ip/view?usp=drivesdk,12/03/2026 17.41.10
La_patente_non_si_sogna_si_conquista,La_patente_non_si_sogna_si_conquista.ai,https://drive.google.com/file/d/1wYyfmlksOnBGR_JKOI89jy1am5oGXPis/view?usp=drivesdk,12/03/2026 17.41.35
La_patente_non_si_sogna_si_conquista,La_patente_non_si_sogna_si_conquista.jpg,https://drive.google.com/file/d/1K0Nz3gHKkZojTD_JQnhS2diMJ7_6zAED/view?usp=drivesdk,12/03/2026 17.41.38
ESTATE=PATENTE,ESTATE = PATENTE.jpg,https://drive.google.com/file/d/1a9ZavM6al_o6AvWUbIEEvZLfnceauWRC/view?usp=drivesdk,10/03/2026 15.46.30
ESTATE=PATENTE,ESTATE = PATENTE.ai,https://drive.google.com/file/d/1L09Og5DZ91yYZhWWXeIfUyrYxTKzDkx7/view?usp=drivesdk,10/03/2026 15.42.46
Morte_autobus,Morte_autobus-02.jpg,https://drive.google.com/file/d/1IwKVdtFDzK-1wc9QuEyONK19JHswNwaM/view?usp=drivesdk,10/03/2026 13.00.06
Morte_autobus,Morte_autobus-01.jpg,https://drive.google.com/file/d/1WuJjDq8FdM8TZb99DYEUsls8R5gyEKQc/view?usp=drivesdk,10/03/2026 12.59.54
Morte_autobus,Morte_autobus-03.jpg,https://drive.google.com/file/d/1rvMHK_berXqzC5Duy6xycY_i7gFfBPoE/view?usp=drivesdk,10/03/2026 13.00.00
Morte_autobus,Morte_autobus.ai,https://drive.google.com/file/d/1P2bJhKQ-lvqQvgWivbhjFcsTWDXct5Fd/view?usp=drivesdk,10/03/2026 13.00.33
La_patente_non_è_mai_stata_così_comoda,la_patente_non_è_mai_stata_così_comoda-03.jpg,https://drive.google.com/file/d/1BPBDBGEYl_mDBqQJcc-O0jU2EOGNOkWW/view?usp=drivesdk,10/03/2026 12.29.46
La_patente_non_è_mai_stata_così_comoda,la_patente_non_è_mai_stata_così_comoda-01.jpg,https://drive.google.com/file/d/1SDqozuQIJm5i8A1blhhd94oCLhSJRvdd/view?usp=drivesdk,10/03/2026 12.30.21
La_patente_non_è_mai_stata_così_comoda,la_patente_non_è_mai_stata_così_comoda-02.jpg,https://drive.google.com/file/d/1v0rne7yCTYwigx-L2-9_nIw45kbZEwfV/view?usp=drivesdk,10/03/2026 12.30.00
La_patente_non_è_mai_stata_così_comoda,la_patente_non_è_mai_stata_così_comoda.ai,https://drive.google.com/file/d/16WtB7Z77z1SOZLJ-yY89wQmQcxf6dd6J/view?usp=drivesdk,10/03/2026 12.29.31
Hai_un_solo_pensiero_in_testa,Hai_un_solo_pensiero_in_testa-03.jpg,https://drive.google.com/file/d/1Jcvi0mPpQQA0rWJjJfc61VUuS7juZiGO/view?usp=drivesdk,09/03/2026 9.58.03
Hai_un_solo_pensiero_in_testa,Hai_un_solo_pensiero_in_testa-01.jpg,https://drive.google.com/file/d/1aEv-V9e2hpTa_riOLGYHOlmtK1X0Nt5Q/view?usp=drivesdk,09/03/2026 9.58.21
Hai_un_solo_pensiero_in_testa,Hai_un_solo_pensiero_in_testa-02.jpg,https://drive.google.com/file/d/1zcN-pDZW7iJWprGeG31KUjo283Cy-SqC/view?usp=drivesdk,09/03/2026 9.58.13
Hai_un_solo_pensiero_in_testa,Hai_un_solo_pensiero_in_testa.ai,https://drive.google.com/file/d/1Gp_w2hjcZUhRW-ZR3hC7uWeyBQXIyRXd/view?usp=drivesdk,09/03/2026 9.57.56
Impara_nella_tua_lingua,Impara_nella_tua_lingua-02.jpg,https://drive.google.com/file/d/1B8JFvlbMWA9qtkxePlz_ywLgY46phY2W/view?usp=drivesdk,04/03/2026 18.33.53
Impara_nella_tua_lingua,Impara_nella_tua_lingua-03.jpg,https://drive.google.com/file/d/1gp2Dr-QU-A3u9pv79YWJevOD1iBHKrSW/view?usp=drivesdk,04/03/2026 18.34.03
Impara_nella_tua_lingua,Impara_nella_tua_lingua-01.jpg,https://drive.google.com/file/d/1mxjYudJpgT6SDiyKiWXiw6cI3D7AV3nT/view?usp=drivesdk,04/03/2026 18.34.18
Impara_nella_tua_lingua,Impara_nella_tua_lingua.ai,https://drive.google.com/file/d/1CPfdJkFAUShICzJunMDFBBf_EUZY6HO9/view?usp=drivesdk,04/03/2026 18.33.43
Se_te_la_vivi_così,Se_te_la_vivi_così-02.jpg,https://drive.google.com/file/d/1okhwAw13yXhSTZJp3608GziDrIGm_FyE/view?usp=drivesdk,20/03/2026 15.17.50
Se_te_la_vivi_così,Se_te_la_vivi_così-03.jpg,https://drive.google.com/file/d/1q1beaNH6X2jUaO_Lz8ACbzjg4CJxZjjk/view?usp=drivesdk,20/03/2026 15.16.47
Se_te_la_vivi_così,Se_te_la_vivi_così-01.jpg,https://drive.google.com/file/d/1yfOYFFaa5cNDLZz7f_J5V_RyUQPoXdP6/view?usp=drivesdk,20/03/2026 15.17.46
Se_te_la_vivi_così,Se_te_la_vivi_così.ai,https://drive.google.com/file/d/1H65LPgXP6I21-yABfddUeMODcc3ZmwOh/view?usp=drivesdk,20/03/2026 15.17.42
Hai_18_anni_ma_ancora_senza_patente,Hai_18_anni_ma_ancora_senza_patente-03.jpg,https://drive.google.com/file/d/10r1uiywhyJPbg2cSJiN39lv9XkpUjozU/view?usp=drivesdk,05/03/2026 15.44.57
Hai_18_anni_ma_ancora_senza_patente,Hai_18_anni_ma_ancora_senza_patente-01.jpg,https://drive.google.com/file/d/1UpS-vRvDFIv8Uu3zdEdbvmZfYqTUvKqS/view?usp=drivesdk,05/03/2026 15.44.42
Hai_18_anni_ma_ancora_senza_patente,Hai_18_anni_ma_ancora_senza_patente-02.jpg,https://drive.google.com/file/d/1sFzvvFBSS861wVZ2NpYBx6QyOCCFrUt9/view?usp=drivesdk,05/03/2026 15.45.07
Hai_18_anni_ma_ancora_senza_patente,Hai_18_anni_ma_ancora_senza_patente.ai,https://drive.google.com/file/d/1vLRLBAiRtGSsEl73l8ielb0CP_J1rUiB/view?usp=drivesdk,05/03/2026 15.46.12
Tre_ore_di_scroll,Tre_ore_di_scroll_o-01.jpg,https://drive.google.com/file/d/10a88FVXsjJN9xv8dJiXaW7VdJ_3zWO4f/view?usp=drivesdk,05/03/2026 15.13.05
Tre_ore_di_scroll,Tre_ore_di_scroll_o-03.jpg,https://drive.google.com/file/d/1JoAdGCLt6eKXmk8uEykJKviQ94PkAmgh/view?usp=drivesdk,05/03/2026 15.13.18
Tre_ore_di_scroll,Tre_ore_di_scroll_o-02.jpg,https://drive.google.com/file/d/1SAEU-aJvFHCxZsqcmS41h40Xb6s6gXJa/view?usp=drivesdk,05/03/2026 15.13.38
Tre_ore_di_scroll,Tre_ore_di_scroll_o.ai,https://drive.google.com/file/d/1x8IK0o5z6Noo_4vepz_2Jvst9FkCQGJz/view?usp=drivesdk,05/03/2026 15.12.47
Vuoi_guidare_questa_estate,Vuoi_guidare_questa_estate-02.jpg,https://drive.google.com/file/d/1dUh0qAjQJ3_VPuRNuTUjagUL0EnYJbEW/view?usp=drivesdk,05/03/2026 14.57.23
Vuoi_guidare_questa_estate,Vuoi_guidare_questa_estate-03.jpg,https://drive.google.com/file/d/1dbNhCZQIvBkpdAxpcSCfthgRnMIorNwe/view?usp=drivesdk,05/03/2026 14.57.04
Vuoi_guidare_questa_estate,Vuoi_guidare_questa_estate-01.jpg,https://drive.google.com/file/d/1ikLs9fOUWbIh5ra6J9hu0MtfyDa4bmif/view?usp=drivesdk,05/03/2026 14.56.50
Vuoi_guidare_questa_estate,Vuoi_guidare_questa_estate.ai,https://drive.google.com/file/d/1VnOks3IkArdYhQVPRdWm894kanM0gW_d/view?usp=drivesdk,05/03/2026 14.56.33
Facile_come_premere_un_tasto,Facile_come_premere_un_tasto-03.jpg,https://drive.google.com/file/d/17F0p4mEQ_8--uwcJncMgwZepfa2lcE9c/view?usp=drivesdk,04/03/2026 15.34.55
Facile_come_premere_un_tasto,Facile_come_premere_un_tasto-02.jpg,https://drive.google.com/file/d/1OWmYkJNVKCowhYHCzsV3z_EkwhJHc4vZ/view?usp=drivesdk,04/03/2026 15.34.48
Facile_come_premere_un_tasto,Facile_come_premere_un_tasto-01.jpg,https://drive.google.com/file/d/1VgWy1Bedoq6tdaavIx2rznDXu80r5oXX/view?usp=drivesdk,04/03/2026 15.34.38
Facile_come_premere_un_tasto,Facile_come_premere_un_tasto.ai,https://drive.google.com/file/d/1rNR3DFnA1bwrQw7bk4KUYCbpna6dE2kD/view?usp=drivesdk,04/03/2026 15.34.28
Studia_nella_tua_lingua,Studia_nella_tua_lingua-02.jpg,https://drive.google.com/file/d/14J_Ed8_jR9R4BNqcSPZzR_zhmD2ISav5/view?usp=drivesdk,04/03/2026 15.30.40
Studia_nella_tua_lingua,Studia_nella_tua_lingua-01.jpg,https://drive.google.com/file/d/1J-eGcZ4plFiMyHWxAboUMaFp3ZEt2WVC/view?usp=drivesdk,04/03/2026 15.30.27
Studia_nella_tua_lingua,Studia_nella_tua_lingua-03.jpg,https://drive.google.com/file/d/1PDSEhu0AZO6YuMpk29g2PpzSRV2NZpzd/view?usp=drivesdk,04/03/2026 15.30.51
Studia_nella_tua_lingua,Studia_nella_tua_lingua.ai,https://drive.google.com/file/d/15SzOSzukVp6ewn_gy9hkfh2mnUAO7xUM/view?usp=drivesdk,04/03/2026 15.30.12
La_patente_nella_tua_lingua,La_patente_nella_tua_lingua-01.jpg,https://drive.google.com/file/d/1Lr05vuWLylTyr7eamJBuS_OFKV98IR-H/view?usp=drivesdk,04/03/2026 15.28.48
La_patente_nella_tua_lingua,La_patente_nella_tua_lingua-03.jpg,https://drive.google.com/file/d/1RCG8SSRiHId7LhBm4-6-RgRD8VUrjfUI/view?usp=drivesdk,04/03/2026 15.28.28
La_patente_nella_tua_lingua,La_patente_nella_tua_lingua-02.jpg,https://drive.google.com/file/d/1V58FBdaexRpX3mJZznpwIJ6ZjFM5uJ1c/view?usp=drivesdk,04/03/2026 15.28.37
La_patente_nella_tua_lingua,La_patente_nella_tua_lingua.ai,https://drive.google.com/file/d/1r9MD1cX58gvQWOCeyFIyidourBvaQ-E9/view?usp=drivesdk,04/03/2026 15.29.25
Percorso_patente_a_397,,,
Mi_dai_un_passaggio,Mi_dai_un_passaggio-01.jpg,https://drive.google.com/file/d/19U05bo8ztWnjeDrX0xmqv8O3rSNLXjhC/view?usp=drivesdk,02/03/2026 12.37.49
Mi_dai_un_passaggio,Mi_dai_un_passaggio-02.jpg,https://drive.google.com/file/d/1tTKItHe62-FDKChBCV_bKeCz5uahWJ1h/view?usp=drivesdk,02/03/2026 12.37.18
Mi_dai_un_passaggio,Mi_dai_un_passaggio-03.jpg,https://drive.google.com/file/d/1np1pBCwZPAUu7stj5LMUF6tm7T69wklo/view?usp=drivesdk,02/03/2026 12.37.32
Mi_dai_un_passaggio,Mi_dai_un_passaggio.ai,https://drive.google.com/file/d/1xU5L2xl4o5emxv2aDCyzeY03PSr_nB7l/view?usp=drivesdk,02/03/2026 12.35.20
Mi_dai_un_passaggio,Mi_dai_un_passaggio.pdf,https://drive.google.com/file/d/1Vz6kjpf0fMJdzN6YkwqhxSxXBnshr0Lx/view?usp=drivesdk,02/03/2026 12.36.45
Mi_dai_un_passaggio,Mi_dai_un_passaggio-04.jpg,https://drive.google.com/file/d/1STow--7veaL6dfoMgMmxzxRTYJJvVZg6/view?usp=drivesdk,02/03/2026 12.36.55
Stanca_di_fartela_sempre_a_piedi,Stanca_di_fartela_a_piedi-02.jpg,https://drive.google.com/file/d/14bdeiT2RHuqN2AKytNtWptfKfJawSTcx/view?usp=drivesdk,27/02/2026 16.08.18
Stanca_di_fartela_sempre_a_piedi,Stanca_di_fartela_a_piedi-01.jpg,https://drive.google.com/file/d/1D4I7u8lpCMgSXWIffz3E1AcVPLZaI1Tn/view?usp=drivesdk,27/02/2026 16.08.51
Stanca_di_fartela_sempre_a_piedi,Stanca_di_fartela_a_piedi-03.jpg,https://drive.google.com/file/d/1cyu5ZBx9g00EQ648seB2Hhmh00sFYiEC/view?usp=drivesdk,27/02/2026 16.08.31
Stanca_di_fartela_sempre_a_piedi,Stanca_di_fartela_a_piedi.ai,https://drive.google.com/file/d/17B7p965i7hXsybZ7GrmJQMTPvAJNxa4U/view?usp=drivesdk,27/02/2026 16.08.00
patente_dolce,"Così_così dolce_che_costa_solo_7,90-01.jpg",https://drive.google.com/file/d/12zYz9rfCQSsTkWOgPgOaeiDS4EM44D9j/view?usp=drivesdk,27/02/2026 14.29.07
patente_dolce,"Così_così dolce_che_costa_solo_7,90-03.jpg",https://drive.google.com/file/d/185JpOan_3MT20qXXFUzYpHt75OlKhJY3/view?usp=drivesdk,27/02/2026 14.29.21
patente_dolce,"Così_così dolce_che_costa_solo_7,90-02.jpg",https://drive.google.com/file/d/1BDOMqA6LvulEgqnVc6k5MyMjfttb2U5E/view?usp=drivesdk,27/02/2026 14.29.15
patente_dolce,"Così_così dolce_che_costa_solo_7,90.ai",https://drive.google.com/file/d/13oD7CWWOiPdBKpnZ-DWBcGSCzgYlWoSp/view?usp=drivesdk,27/02/2026 14.29.01
Non_tentare_la_fortuna_scegli_la_certezza,Non_tentare_la_fortuna_scegli_la_certezza.jpg,https://drive.google.com/file/d/1hSwv-Srkv87x3CMPJrOXyS8AYASuPUmZ/view?usp=drivesdk,26/02/2026 11.48.37
Non_tentare_la_fortuna_scegli_la_certezza,Non_tentare_la_fortuna_scegli_la_certezza-01.jpg,https://drive.google.com/file/d/1CMvFsRfujoL9WZRVZGDZN-zrVAYR-pas/view?usp=drivesdk,26/02/2026 11.28.31
Non_tentare_la_fortuna_scegli_la_certezza,Non_tentare_la_fortuna_scegli_la_certezza-03.jpg,https://drive.google.com/file/d/1CQqHcqfzUPWTnxSd4VC-IogI-xCIZIL8/view?usp=drivesdk,26/02/2026 11.27.46
Non_tentare_la_fortuna_scegli_la_certezza,Non_tentare_la_fortuna_scegli_la_certezza.ai,https://drive.google.com/file/d/1Y5Jm17hUo6lSH-3IP1CawE_JMYHcSj8u/view?usp=drivesdk,26/02/2026 11.30.07
La_patente_che_ti_bussa_alla_porta,La_patente_che_ti_bussa_alla_porta-01.jpg,https://drive.google.com/file/d/1P63NcIEUH9vLDL9WG1xkwNjrpqksMNq7/view?usp=drivesdk,26/02/2026 9.06.31
La_patente_che_ti_bussa_alla_porta,La_patente_che_ti_bussa_alla_porta-03.jpg,https://drive.google.com/file/d/1Q7dK_Af21GfXIlqHQ_AWswUaJ9WzCEiy/view?usp=drivesdk,26/02/2026 9.06.46
La_patente_che_ti_bussa_alla_porta,La_patente_che_ti_bussa_alla_porta-02.jpg,https://drive.google.com/file/d/1e6Z88RmWf8cQa5REIZ0BxlqrkMJnBUQ8/view?usp=drivesdk,26/02/2026 9.06.36
La_patente_che_ti_bussa_alla_porta,La_patente_che_ti_bussa_alla_porta.ai,https://drive.google.com/file/d/15qZaJw9eXdhcgrHEuJg6iqc_kWfhS-4S/view?usp=drivesdk,26/02/2026 9.07.53
Togliti_il_mal_di_testa_da_bocciatura,Togliti_il_mal_di_testa_da_bocciatura_03.jpg,https://drive.google.com/file/d/1mC7fhae6_N34b6VGehrOUbVRXEEUSL11/view?usp=drivesdk,25/02/2026 17.38.05
Togliti_il_mal_di_testa_da_bocciatura,Togliti_il_ma_di_testa_da_bocciatura.ai,https://drive.google.com/file/d/1dFQT_8UTgp48wsI5IM3d7CSqkUG4xjE9/view?usp=drivesdk,25/02/2026 17.36.18
Togliti_il_mal_di_testa_da_bocciatura,~ai-0d635081-b152-4ae6-ba8a-51b6a6eb2108_.tmp,https://drive.google.com/file/d/1GzRkY45zbYzG-eyx-qYWakI50X3UwvBc/view?usp=drivesdk,25/02/2026 17.41.11
Togliti_il_mal_di_testa_da_bocciatura,Impasticcati_con_i_nostri_quiz-02.jpg,https://drive.google.com/file/d/1KWnMPU6EfY0iNQD4JSBXQMDNcEQt8RVv/view?usp=drivesdk,25/02/2026 17.44.43
Togliti_il_mal_di_testa_da_bocciatura,Impasticcati_con_i_nostri_quiz-01.jpg,https://drive.google.com/file/d/1cuLxQ_VZtzDuA72hlr-fHIm4NruI04VU/view?usp=drivesdk,25/02/2026 18.16.38
Potresti_ripassare_così_o,Portesti_ripassare_così_o-01.jpg,https://drive.google.com/file/d/1Mla23NBzJKyjS91eX_mEaVfR217q-tWt/view?usp=drivesdk,25/02/2026 17.01.45
Potresti_ripassare_così_o,Portesti_ripassare_così_o-03.jpg,https://drive.google.com/file/d/1TK_Gsh3h2biwilTRa35QQbR_hdazP9tR/view?usp=drivesdk,25/02/2026 17.01.53
Potresti_ripassare_così_o,Portesti_ripassare_così_o-02.jpg,https://drive.google.com/file/d/1xsTJ_oFdCJ9o91DNh3gWEjqakTNXZBuN/view?usp=drivesdk,25/02/2026 17.02.02
Potresti_ripassare_così_o,Portesti_ripassare_così_o.ai,https://drive.google.com/file/d/1Npla0bfSxASAiuyrscIbr9z2ZEec2-Hx/view?usp=drivesdk,25/02/2026 17.01.34
Non_è_un_errore,Il_primo_passo_mette_a_fuoco-02.jpg,https://drive.google.com/file/d/1RPl7WeLwz7jL0__mtsXBHUd5sddVgHg_/view?usp=drivesdk,24/02/2026 13.03.08
Non_è_un_errore,Il_primo_passo_mette_a_fuoco-03.jpg,https://drive.google.com/file/d/1ak6-u1mooOm-2IIf6N4ijsLx5gcSRfkE/view?usp=drivesdk,24/02/2026 13.03.08
Non_è_un_errore,Il_primo_passo_mette_a_fuoco-01.jpg,https://drive.google.com/file/d/1z7MYHjBpD2lXtYE-8mqV5EBgRalOUyZV/view?usp=drivesdk,24/02/2026 13.03.19
Non_è_un_errore,Il_primo_passo_mette_a_fuoco.ai,https://drive.google.com/file/d/1u75TdayhzKwoHFdHv2OUeHWLZPPZTRjy/view?usp=drivesdk,24/02/2026 15.20.28
La_creazione_della_patente,La_creazione_della_patente-01.jpg,https://drive.google.com/file/d/1Il90bULVRtLwXwY1my5pv1vXUh77SCRl/view?usp=drivesdk,24/02/2026 12.29.40
La_creazione_della_patente,La_creazione_della_patente-03.jpg,https://drive.google.com/file/d/1XMjRJuYt2zDWT-kl25G4xNzE-46wEI85/view?usp=drivesdk,24/02/2026 12.29.40
La_creazione_della_patente,La_creazione_della_patente-02.jpg,https://drive.google.com/file/d/1gx6aQ0-1O6HfHuaVDN56xd5je6TDnoab/view?usp=drivesdk,24/02/2026 12.29.40
Costa_meno_di_una_pizza,Costa_meno_di_una_pizza-01.jpg,https://drive.google.com/file/d/1uRyjhkY2v-5HVL0IOM5c-Q7PdenszSXH/view?usp=drivesdk,24/02/2026 11.30.12
Costa_meno_di_una_pizza,Costa_meno_di_una_pizza-02.jpg,https://drive.google.com/file/d/1At7QHDHToAtMMaNHuqE1VUm7YMrK4i0_/view?usp=drivesdk,24/02/2026 11.30.11
Costa_meno_di_una_pizza,Costa_meno_di_una_pizza-03.jpg,https://drive.google.com/file/d/1gjRw2-MKyTTJzpE5fCOLZDT_psnCBh6_/view?usp=drivesdk,24/02/2026 11.30.11
sposa_la_promo,Sposa_la_promo-02.jpg,https://drive.google.com/file/d/12A7ZDLUOHXic3FjWobNM_GM6nC2l-YAo/view?usp=drivesdk,24/02/2026 11.29.14
sposa_la_promo,Sposa_la_promo-03.jpg,https://drive.google.com/file/d/1H5dW0oJTCehPiIW8LTX-H4bVZciimgqn/view?usp=drivesdk,24/02/2026 11.29.13
sposa_la_promo,Sposa_la_promo-01.jpg,https://drive.google.com/file/d/1oj-2Llb6qUoVI_WBHFp_P1zxEFI8Di35/view?usp=drivesdk,24/02/2026 11.29.15
Esame_della_patente_è_difficile,Esame_della_patente_è_difficile-01.jpg,https://drive.google.com/file/d/1aoMfeFpiYRPHsUMoQAL4oIfMyahCJflj/view?usp=drivesdk,17/02/2026 9.59.22
Esame_della_patente_è_difficile,Esame_della_patente_è_difficile-03.jpg,https://drive.google.com/file/d/1mA1TmvjzFiUl20WHKcKqIDfcxzLjy9Gs/view?usp=drivesdk,17/02/2026 9.59.22
Esame_della_patente_è_difficile,Esame_della_patente_è_difficile-02.jpg,https://drive.google.com/file/d/1zLvH5wRjMzUnEOwBvqLa2qOsKLCocbs_/view?usp=drivesdk,17/02/2026 9.59.21
Esame_della_patente_è_difficile,Esame_della_patente_è_difficile.ai,https://drive.google.com/file/d/1d5BI122SV0EE_FGzBgc5ySOR9ZuxiErL/view?usp=drivesdk,17/02/2026 10.10.27
Vuoi_la_patente?_inizia_ora,Vuoi_la_patente?_inizia_ora-01.jpg,https://drive.google.com/file/d/101nZwKcVdhwQ78AV1Jg7B1Y2oCGYFfoY/view?usp=drivesdk,17/02/2026 9.58.04
Vuoi_la_patente?_inizia_ora,Vuoi_la_patente?_inizia_ora-02.jpg,https://drive.google.com/file/d/1Ie_SfjWxBhNQhKTZb1WIRg4IcxPUYeBM/view?usp=drivesdk,17/02/2026 9.58.04
Vuoi_la_patente?_inizia_ora,Vuoi_la_patente?_inizia_ora-03.jpg,https://drive.google.com/file/d/1zJ6rFBWzCFI0e_9C0vM66YW39Ku1-CXn/view?usp=drivesdk,17/02/2026 9.58.04
Vuoi_la_patente?_inizia_ora,Vuoi_la_patente?_inizia_ora.ai,https://drive.google.com/file/d/1M1qWsjezqLUQTOVUS_MV93tHkaD0zM0H/view?usp=drivesdk,17/02/2026 10.06.32
Patente_senza_stress,Patente_senza_stress-02.jpg,https://drive.google.com/file/d/161nLXvhTcFcpfq03m2hyDd5xsVQ_6f-G/view?usp=drivesdk,17/02/2026 9.57.58
Patente_senza_stress,Patente_senza_stress-01.jpg,https://drive.google.com/file/d/1GzSgGT9tZQANFt4TlE9JxbqOjun2riwD/view?usp=drivesdk,17/02/2026 9.57.57
Patente_senza_stress,Patente_senza_stress-03.jpg,https://drive.google.com/file/d/1ZoskZoVQaBoEY026wa6wve_TzX_2zbEB/view?usp=drivesdk,17/02/2026 9.57.55
Patente_senza_stress,Patente_senza_stress.ai,https://drive.google.com/file/d/118n7jRtcaZI5ctQhKfngRdOqArG-S39P/view?usp=drivesdk,17/02/2026 10.02.36
Patente_senza_stress,relax_clay.png,https://drive.google.com/file/d/1sHdHQMzRu3hA6r6lRHrQIuoqTHBga9tS/view?usp=drivesdk,17/02/2026 10.02.59
Patente_senza_stress,relax_clay.psd,https://drive.google.com/file/d/15B89XNlC71-etykdQQow4c-9g-rNYROB/view?usp=drivesdk,17/02/2026 10.02.53
Patente_entro_estate,Patente_entro_l'estate.ai,https://drive.google.com/file/d/15e9JIYgSpsQbdg9SJryPkHqK03yfBcow/view?usp=drivesdk,17/02/2026 10.00.56
Patente_al_primo_colpo,Patente_al_primo_colpo-02.jpg,https://drive.google.com/file/d/1IlldIiLtP6A2vY8-cqu3uLJhfjNCldYK/view?usp=drivesdk,17/02/2026 9.57.44
Patente_al_primo_colpo,Patente_al_primo_colpo-01.jpg,https://drive.google.com/file/d/1YpqOHF866exgfq_kEgMFETfSz5Ljp_nh/view?usp=drivesdk,17/02/2026 9.57.44
Patente_al_primo_colpo,Patente_al_primo_colpo-03.jpg,https://drive.google.com/file/d/1lA8iHbroOEkDf4l5Va5w0A0-sQBeQO2Q/view?usp=drivesdk,17/02/2026 9.57.43
Patente_al_primo_colpo,Patente_al_primo_colpo.ai,https://drive.google.com/file/d/16t8MY2t0UAg4TqPf-s1xk1Fg21UjiMjK/view?usp=drivesdk,17/02/2026 10.00.02
Il_98%_primo_tentativo,Il_98%_primo_tentativo-03.jpg,https://drive.google.com/file/d/13BqnJWpyv_JyyNnBJfvEYbfDnm3fN7by/view?usp=drivesdk,17/02/2026 9.57.35
Il_98%_primo_tentativo,Il_98%_primo_tentativo-01.jpg,https://drive.google.com/file/d/1QMnOoncWL9Uk0Ro55y-lPJ2gLY6KYnqA/view?usp=drivesdk,17/02/2026 9.57.35
Il_98%_primo_tentativo,Il_98%_primo_tentativo-02.jpg,https://drive.google.com/file/d/1q2IYLThokfCTGsuOrJmh1nx-Ew-OLvRg/view?usp=drivesdk,17/02/2026 9.57.35
Il_98%_primo_tentativo,Il_98%_primo_tentativo.ai,https://drive.google.com/file/d/1MBTUQFHFGRHMkb4a7uUDhMkdse9OAfrv/view?usp=drivesdk,17/02/2026 9.59.29
Il_98%_primo_tentativo,Il_98%_primo_tentativo,https://drive.google.com/file/d/1ZCpXR3GgebRdo4L5nIXd90pvdi1HkGiI/view?usp=drivesdk,17/02/2026 9.58.14
Il_98%_primo_tentativo,ragazzo_patente_primo_tentativo.png,https://drive.google.com/file/d/1YvscgCRF5tU8d_kpWMJci_4pNS-0Z_df/view?usp=drivesdk,17/02/2026 9.59.45
Inizia_il_tuo_percorso_patente_promo_397,Inizia_il_tuo_percorso_patente_promo_397.ai,https://drive.google.com/file/d/1Rsopd_TnoA72SA2hs2Bkhgjfny5QhIXy/view?usp=drivesdk,13/02/2026 16.02.32
Inizia_il_tuo_percorso_patente_promo_397,progetto_salvo_70kb_v2.webp,https://drive.google.com/file/d/1nNhP6lllwXEqwjhBVVioarFXCCjx3cT_/view?usp=drivesdk,13/02/2026 16.02.30
Inizia_il_tuo_percorso_patente_promo_397,progetto_salvo_02_01_26.webp,https://drive.google.com/file/d/1M43ADCOcQ5KLPZkQxbDNo0unRQCQNojQ/view?usp=drivesdk,13/02/2026 16.02.31
,Foglio di lavoro senza nome,https://docs.google.com/spreadsheets/d/1-un8MidBXXkGT8dd6OmMGPj0-dNzQWqfWYFJO80wFw4/edit?usp=drivesdk,25/03/2026 10.12.28
,Vuoi-la_patente_entro_l'estate-03.jpg,https://drive.google.com/file/d/1PbRNt58n3jyoOl8pMiuSOXADEAf4h1Ni/view?usp=drivesdk,04/03/2026 12.06.18